[{"@type":"fileRecord","id":"@4","name":"metadata","type":"JSON","size":2903,"attachTime":1665861526000},{"@type":"fileRecord","id":"@6","name":"response","type":"XSD","size":5123,"attachTime":1665861526000},{"@type":"fileRecord","id":"@5","name":"request","type":"XSD","size":5077,"attachTime":1665861526000},{"@type":"fileRecord","id":"@2","name":"extension","type":"XML","size":16586,"attachTime":1665861526000},{"@type":"fileRecord","id":"@3","name":"fault","type":"XSD","size":4962,"attachTime":1665861526000}]