[{"@type":"dssTask","id":"@1","name":"Synchronization Task2","description":"","maxLogs":10,"sourceConnectionId":"@0h0mTgt8wDPhSIi6VqFU20","targetConnectionId":"@1VIOPuDCCfHgcuguwxJwsY","targetObject":"Contact","targetObjectLabel":"Contact","operation":"Insert","maxRows":0,"truncateTarget":false,"bulkApiDBTarget":false,"verbose":false,"srcFlatFileAttrs":{"@type":"flatFileAttrs","id":16591069,"delimiter":",","textQualifier":"\"","escapeChar":"","headerLineNo":1,"firstDataRow":2},"targetMetadataUpdated":false,"modelVersion":"V3-R600","queryAll":false,"srcSettings":{"@type":"taskDataSourceSetting","isShowLabels":false,"isNaturalOrder":true},"tgtSettings":{"@type":"taskDataSourceSetting","isShowLabels":true,"isNaturalOrder":true},"cfSettings":{"@type":"taskDataSourceSetting","isShowLabels":false,"isNaturalOrder":false},"bulkApi":false,"bulkApiSerialMode":false,"bulkApiMonitor":false,"isTargetObjectSfCustom":false,"allowNullUpdates":false,"targetBatchSize":200,"assignmentRuleId":"-1","assignmentRuleType":"None","createSuccessFile":false,"bulkApiHardDelete":false,"srcRuntimeAttrs":{"@type":"taskRuntimeAttrs","attrs":{}},"tgtRuntimeAttrs":{"@type":"taskRuntimeAttrs","attrs":{}},"parameterFileEncoding":"UTF-8","serverlessProperties":{},"sourceObjects":[{"@type":"mObject","name":"Employee.csv","label":"Employee.csv","metadataUpdated":false,"relations":[],"children":[]}],"advancedFilters":[{"@type":"advancedFilter","id":"14269","objectName":"Employee.csv","objectLabel":"Employee.csv","expression":"(Department != 'Sales')"}],"filters":[],"fieldMaps":[{"@type":"fieldMap","id":"10427941","targetField":{"@type":"field","id":36988529,"name":"Id","type":"id","uniqueName":"Id","label":"Contact ID","parentObject":"Contact","pcType":"STRING","precision":18,"scale":0,"columnIndex":0,"isKey":true,"isWaterMarkKey":false,"isExternalId":false,"isSfIdLookup":true,"isNullable":false,"isUnique":false,"isCreateable":false,"isUpdateable":false,"isFilterable":true,"isCalculated":false,"showLabel":true,"naturalOrder":0,"linkedFields":["Emp_ID"],"relatedInfos":[],"references":[]},"expression":"Emp_ID"},{"@type":"fieldMap","id":"10427945","targetField":{"@type":"field","id":36988533,"name":"IsDeleted","type":"boolean","uniqueName":"IsDeleted","label":"Deleted","parentObject":"Contact","pcType":"INT","precision":10,"scale":0,"columnIndex":1,"isKey":false,"isWaterMarkKey":false,"isExternalId":false,"isSfIdLookup":false,"isNullable":false,"isUnique":false,"isCreateable":false,"isUpdateable":false,"isFilterable":true,"isCalculated":false,"showLabel":true,"naturalOrder":1,"linkedFields":[],"relatedInfos":[],"references":[]}},{"@type":"fieldMap","id":"10427949","targetField":{"@type":"field","id":36988537,"name":"MasterRecordId","type":"reference","uniqueName":"MasterRecordId","label":"Master Record ID","parentObject":"Contact","pcType":"STRING","precision":18,"scale":0,"columnIndex":2,"isKey":false,"isWaterMarkKey":false,"isExternalId":false,"isSfIdLookup":false,"isNullable":true,"isUnique":false,"isCreateable":false,"isUpdateable":false,"isFilterable":true,"isCalculated":false,"showLabel":true,"naturalOrder":2,"linkedFields":[],"relatedInfos":[{"@type":"fieldRelatedInfo","id":522833,"referenceObject":"Contact","relationshipName":"MasterRecord","referenceField":{"@type":"field","id":-1,"precision":0,"scale":0,"columnIndex":-1,"isKey":false,"isWaterMarkKey":false,"isExternalId":false,"isSfIdLookup":false,"isNullable":true,"isUnique":false,"isCreateable":false,"isUpdateable":true,"isFilterable":true,"isCalculated":false,"showLabel":true,"naturalOrder":0,"linkedFields":[],"relatedInfos":[],"references":[]}}],"references":[]}},{"@type":"fieldMap","id":"10427953","targetField":{"@type":"field","id":36988541,"name":"AccountId","type":"reference","uniqueName":"AccountId","label":"Account ID","parentObject":"Contact","pcType":"STRING","precision":18,"scale":0,"columnIndex":3,"isKey":false,"isWaterMarkKey":false,"isExternalId":false,"isSfIdLookup":false,"isNullable":true,"isUnique":false,"isCreateable":true,"isUpdateable":true,"isFilterable":true,"isCalculated":false,"showLabel":true,"naturalOrder":3,"linkedFields":["Outlet_Name"],"relatedInfos":[{"@type":"fieldRelatedInfo","id":522837,"referenceObject":"Account","relationshipName":"Account","referenceField":{"@type":"field","id":-1,"precision":0,"scale":0,"columnIndex":-1,"isKey":false,"isWaterMarkKey":false,"isExternalId":false,"isSfIdLookup":false,"isNullable":true,"isUnique":false,"isCreateable":false,"isUpdateable":true,"isFilterable":true,"isCalculated":false,"showLabel":true,"naturalOrder":0,"linkedFields":[],"relatedInfos":[],"references":[]}}],"references":[]},"lookup":{"@type":"lookup","id":"7693","connectionId":"@1VIOPuDCCfHgcuguwxJwsY","object":"Account","objectLabel":"Account","outputField":{"@type":"field","id":36988545,"name":"Id","type":"id","uniqueName":"Id","label":"Account ID","parentObject":"Account","pcType":"STRING","precision":18,"scale":0,"columnIndex":0,"isKey":true,"isWaterMarkKey":false,"isExternalId":false,"isSfIdLookup":true,"isNullable":false,"isUnique":false,"isCreateable":false,"isUpdateable":false,"isFilterable":true,"isCalculated":false,"showLabel":true,"naturalOrder":0,"linkedFields":[],"relatedInfos":[],"references":[]},"multiplicityError":true,"settings":{"@type":"taskDataSourceSetting","isShowLabels":true,"isNaturalOrder":true},"objectRelations":[{"@type":"objectRelationExt","object1":"Employee.csv","object2":"Account","field1":{"@type":"field","id":36988549,"name":"Outlet_Name","type":"nstring","uniqueName":"Outlet_Name","label":"Outlet_Name","parentObject":"Employee.csv","pcType":"UNISTRING","precision":255,"scale":0,"columnIndex":3,"isKey":false,"isWaterMarkKey":false,"isExternalId":false,"isSfIdLookup":false,"isNullable":true,"isUnique":false,"isCreateable":false,"isUpdateable":true,"isFilterable":true,"isCalculated":false,"showLabel":true,"naturalOrder":0,"linkedFields":[],"relatedInfos":[],"references":[]},"field2":{"@type":"field","id":36988553,"name":"Name","type":"string","uniqueName":"Name","label":"Account Name","parentObject":"Account","pcType":"STRING","precision":255,"scale":0,"columnIndex":3,"isKey":false,"isWaterMarkKey":false,"isExternalId":false,"isSfIdLookup":false,"isNullable":false,"isUnique":false,"isCreateable":true,"isUpdateable":true,"isFilterable":true,"isCalculated":false,"showLabel":true,"naturalOrder":3,"linkedFields":[],"relatedInfos":[],"references":[]}}]}},{"@type":"fieldMap","id":"10427957","targetField":{"@type":"field","id":36988557,"name":"LastName","type":"string","uniqueName":"LastName","label":"Last Name","parentObject":"Contact","pcType":"STRING","precision":80,"scale":0,"columnIndex":4,"isKey":false,"isWaterMarkKey":false,"isExternalId":false,"isSfIdLookup":false,"isNullable":false,"isUnique":false,"isCreateable":true,"isUpdateable":true,"isFilterable":true,"isCalculated":false,"showLabel":true,"naturalOrder":4,"linkedFields":["Full_Name"],"relatedInfos":[],"references":[]},"expression":"IIF(INSTR(Full_Name,' ') > 0,substr(Full_Name,INSTR(Full_Name,' ')+1),'')"},{"@type":"fieldMap","id":"10427961","targetField":{"@type":"field","id":36988561,"name":"FirstName","type":"string","uniqueName":"FirstName","label":"First Name","parentObject":"Contact","pcType":"STRING","precision":40,"scale":0,"columnIndex":5,"isKey":false,"isWaterMarkKey":false,"isExternalId":false,"isSfIdLookup":false,"isNullable":true,"isUnique":false,"isCreateable":true,"isUpdateable":true,"isFilterable":true,"isCalculated":false,"showLabel":true,"naturalOrder":5,"linkedFields":["Full_Name"],"relatedInfos":[],"references":[]},"expression":"IIF(INSTR(Full_Name,' ') > 0, SUBSTR(Full_Name,0,INSTR(Full_Name,' ')),Full_Name) "},{"@type":"fieldMap","id":"10427965","targetField":{"@type":"field","id":36988565,"name":"Salutation","type":"picklist","uniqueName":"Salutation","label":"Salutation","parentObject":"Contact","pcType":"STRING","precision":40,"scale":0,"columnIndex":6,"isKey":false,"isWaterMarkKey":false,"isExternalId":false,"isSfIdLookup":false,"isNullable":true,"isUnique":false,"isCreateable":true,"isUpdateable":true,"isFilterable":true,"isCalculated":false,"showLabel":true,"naturalOrder":6,"linkedFields":[],"relatedInfos":[],"references":[]}},{"@type":"fieldMap","id":"10427969","targetField":{"@type":"field","id":36988569,"name":"Name","type":"string","uniqueName":"Name","label":"Full Name","parentObject":"Contact","pcType":"STRING","precision":121,"scale":0,"columnIndex":7,"isKey":false,"isWaterMarkKey":false,"isExternalId":false,"isSfIdLookup":false,"isNullable":false,"isUnique":false,"isCreateable":false,"isUpdateable":false,"isFilterable":true,"isCalculated":false,"showLabel":true,"naturalOrder":7,"linkedFields":[],"relatedInfos":[],"references":[]}},{"@type":"fieldMap","id":"10427973","targetField":{"@type":"field","id":36988573,"name":"OtherStreet","type":"textarea","uniqueName":"OtherStreet","label":"Other Street","parentObject":"Contact","pcType":"STRING","precision":255,"scale":0,"columnIndex":8,"isKey":false,"isWaterMarkKey":false,"isExternalId":false,"isSfIdLookup":false,"isNullable":true,"isUnique":false,"isCreateable":true,"isUpdateable":true,"isFilterable":true,"isCalculated":false,"showLabel":true,"naturalOrder":8,"linkedFields":[],"relatedInfos":[],"references":[]}},{"@type":"fieldMap","id":"10427977","targetField":{"@type":"field","id":36988577,"name":"OtherCity","type":"string","uniqueName":"OtherCity","label":"Other City","parentObject":"Contact","pcType":"STRING","precision":40,"scale":0,"columnIndex":9,"isKey":false,"isWaterMarkKey":false,"isExternalId":false,"isSfIdLookup":false,"isNullable":true,"isUnique":false,"isCreateable":true,"isUpdateable":true,"isFilterable":true,"isCalculated":false,"showLabel":true,"naturalOrder":9,"linkedFields":[],"relatedInfos":[],"references":[]}},{"@type":"fieldMap","id":"10427981","targetField":{"@type":"field","id":36988581,"name":"OtherState","type":"string","uniqueName":"OtherState","label":"Other State/Province","parentObject":"Contact","pcType":"STRING","precision":80,"scale":0,"columnIndex":10,"isKey":false,"isWaterMarkKey":false,"isExternalId":false,"isSfIdLookup":false,"isNullable":true,"isUnique":false,"isCreateable":true,"isUpdateable":true,"isFilterable":true,"isCalculated":false,"showLabel":true,"naturalOrder":10,"linkedFields":[],"relatedInfos":[],"references":[]}},{"@type":"fieldMap","id":"10427985","targetField":{"@type":"field","id":36988585,"name":"OtherPostalCode","type":"string","uniqueName":"OtherPostalCode","label":"Other Zip/Postal Code","parentObject":"Contact","pcType":"STRING","precision":20,"scale":0,"columnIndex":11,"isKey":false,"isWaterMarkKey":false,"isExternalId":false,"isSfIdLookup":false,"isNullable":true,"isUnique":false,"isCreateable":true,"isUpdateable":true,"isFilterable":true,"isCalculated":false,"showLabel":true,"naturalOrder":11,"linkedFields":[],"relatedInfos":[],"references":[]}},{"@type":"fieldMap","id":"10427989","targetField":{"@type":"field","id":36988589,"name":"OtherCountry","type":"string","uniqueName":"OtherCountry","label":"Other Country","parentObject":"Contact","pcType":"STRING","precision":80,"scale":0,"columnIndex":12,"isKey":false,"isWaterMarkKey":false,"isExternalId":false,"isSfIdLookup":false,"isNullable":true,"isUnique":false,"isCreateable":true,"isUpdateable":true,"isFilterable":true,"isCalculated":false,"showLabel":true,"naturalOrder":12,"linkedFields":[],"relatedInfos":[],"references":[]}},{"@type":"fieldMap","id":"10427993","targetField":{"@type":"field","id":36988593,"name":"OtherLatitude","type":"double","uniqueName":"OtherLatitude","label":"Other Latitude","parentObject":"Contact","pcType":"HIPRECDECIMAL","precision":18,"scale":15,"columnIndex":13,"isKey":false,"isWaterMarkKey":false,"isExternalId":false,"isSfIdLookup":false,"isNullable":true,"isUnique":false,"isCreateable":true,"isUpdateable":true,"isFilterable":true,"isCalculated":false,"showLabel":true,"naturalOrder":13,"linkedFields":[],"relatedInfos":[],"references":[]}},{"@type":"fieldMap","id":"10427997","targetField":{"@type":"field","id":36988597,"name":"OtherLongitude","type":"double","uniqueName":"OtherLongitude","label":"Other Longitude","parentObject":"Contact","pcType":"HIPRECDECIMAL","precision":18,"scale":15,"columnIndex":14,"isKey":false,"isWaterMarkKey":false,"isExternalId":false,"isSfIdLookup":false,"isNullable":true,"isUnique":false,"isCreateable":true,"isUpdateable":true,"isFilterable":true,"isCalculated":false,"showLabel":true,"naturalOrder":14,"linkedFields":[],"relatedInfos":[],"references":[]}},{"@type":"fieldMap","id":"10428001","targetField":{"@type":"field","id":36988601,"name":"OtherGeocodeAccuracy","type":"picklist","uniqueName":"OtherGeocodeAccuracy","label":"Other Geocode Accuracy","parentObject":"Contact","pcType":"STRING","precision":40,"scale":0,"columnIndex":15,"isKey":false,"isWaterMarkKey":false,"isExternalId":false,"isSfIdLookup":false,"isNullable":true,"isUnique":false,"isCreateable":true,"isUpdateable":true,"isFilterable":true,"isCalculated":false,"showLabel":true,"naturalOrder":15,"linkedFields":[],"relatedInfos":[],"references":[]}},{"@type":"fieldMap","id":"10428005","targetField":{"@type":"field","id":36988605,"name":"MailingStreet","type":"textarea","uniqueName":"MailingStreet","label":"Mailing Street","parentObject":"Contact","pcType":"STRING","precision":255,"scale":0,"columnIndex":16,"isKey":false,"isWaterMarkKey":false,"isExternalId":false,"isSfIdLookup":false,"isNullable":true,"isUnique":false,"isCreateable":true,"isUpdateable":true,"isFilterable":true,"isCalculated":false,"showLabel":true,"naturalOrder":16,"linkedFields":[],"relatedInfos":[],"references":[]}},{"@type":"fieldMap","id":"10428009","targetField":{"@type":"field","id":36988609,"name":"MailingCity","type":"string","uniqueName":"MailingCity","label":"Mailing City","parentObject":"Contact","pcType":"STRING","precision":40,"scale":0,"columnIndex":17,"isKey":false,"isWaterMarkKey":false,"isExternalId":false,"isSfIdLookup":false,"isNullable":true,"isUnique":false,"isCreateable":true,"isUpdateable":true,"isFilterable":true,"isCalculated":false,"showLabel":true,"naturalOrder":17,"linkedFields":[],"relatedInfos":[],"references":[]}},{"@type":"fieldMap","id":"10428013","targetField":{"@type":"field","id":36988613,"name":"MailingState","type":"string","uniqueName":"MailingState","label":"Mailing State/Province","parentObject":"Contact","pcType":"STRING","precision":80,"scale":0,"columnIndex":18,"isKey":false,"isWaterMarkKey":false,"isExternalId":false,"isSfIdLookup":false,"isNullable":true,"isUnique":false,"isCreateable":true,"isUpdateable":true,"isFilterable":true,"isCalculated":false,"showLabel":true,"naturalOrder":18,"linkedFields":[],"relatedInfos":[],"references":[]}},{"@type":"fieldMap","id":"10428017","targetField":{"@type":"field","id":36988617,"name":"MailingPostalCode","type":"string","uniqueName":"MailingPostalCode","label":"Mailing Zip/Postal Code","parentObject":"Contact","pcType":"STRING","precision":20,"scale":0,"columnIndex":19,"isKey":false,"isWaterMarkKey":false,"isExternalId":false,"isSfIdLookup":false,"isNullable":true,"isUnique":false,"isCreateable":true,"isUpdateable":true,"isFilterable":true,"isCalculated":false,"showLabel":true,"naturalOrder":19,"linkedFields":[],"relatedInfos":[],"references":[]}},{"@type":"fieldMap","id":"10428021","targetField":{"@type":"field","id":36988621,"name":"MailingCountry","type":"string","uniqueName":"MailingCountry","label":"Mailing Country","parentObject":"Contact","pcType":"STRING","precision":80,"scale":0,"columnIndex":20,"isKey":false,"isWaterMarkKey":false,"isExternalId":false,"isSfIdLookup":false,"isNullable":true,"isUnique":false,"isCreateable":true,"isUpdateable":true,"isFilterable":true,"isCalculated":false,"showLabel":true,"naturalOrder":20,"linkedFields":[],"relatedInfos":[],"references":[]}},{"@type":"fieldMap","id":"10428025","targetField":{"@type":"field","id":36988625,"name":"MailingLatitude","type":"double","uniqueName":"MailingLatitude","label":"Mailing Latitude","parentObject":"Contact","pcType":"HIPRECDECIMAL","precision":18,"scale":15,"columnIndex":21,"isKey":false,"isWaterMarkKey":false,"isExternalId":false,"isSfIdLookup":false,"isNullable":true,"isUnique":false,"isCreateable":true,"isUpdateable":true,"isFilterable":true,"isCalculated":false,"showLabel":true,"naturalOrder":21,"linkedFields":[],"relatedInfos":[],"references":[]}},{"@type":"fieldMap","id":"10428029","targetField":{"@type":"field","id":36988629,"name":"MailingLongitude","type":"double","uniqueName":"MailingLongitude","label":"Mailing Longitude","parentObject":"Contact","pcType":"HIPRECDECIMAL","precision":18,"scale":15,"columnIndex":22,"isKey":false,"isWaterMarkKey":false,"isExternalId":false,"isSfIdLookup":false,"isNullable":true,"isUnique":false,"isCreateable":true,"isUpdateable":true,"isFilterable":true,"isCalculated":false,"showLabel":true,"naturalOrder":22,"linkedFields":[],"relatedInfos":[],"references":[]}},{"@type":"fieldMap","id":"10428033","targetField":{"@type":"field","id":36988633,"name":"MailingGeocodeAccuracy","type":"picklist","uniqueName":"MailingGeocodeAccuracy","label":"Mailing Geocode Accuracy","parentObject":"Contact","pcType":"STRING","precision":40,"scale":0,"columnIndex":23,"isKey":false,"isWaterMarkKey":false,"isExternalId":false,"isSfIdLookup":false,"isNullable":true,"isUnique":false,"isCreateable":true,"isUpdateable":true,"isFilterable":true,"isCalculated":false,"showLabel":true,"naturalOrder":23,"linkedFields":[],"relatedInfos":[],"references":[]}},{"@type":"fieldMap","id":"10428037","targetField":{"@type":"field","id":36988637,"name":"Phone","type":"phone","uniqueName":"Phone","label":"Business Phone","parentObject":"Contact","pcType":"STRING","precision":40,"scale":0,"columnIndex":24,"isKey":false,"isWaterMarkKey":false,"isExternalId":false,"isSfIdLookup":false,"isNullable":true,"isUnique":false,"isCreateable":true,"isUpdateable":true,"isFilterable":true,"isCalculated":false,"showLabel":true,"naturalOrder":24,"linkedFields":["Phone"],"relatedInfos":[],"references":[]},"expression":"Phone"},{"@type":"fieldMap","id":"10428041","targetField":{"@type":"field","id":36988641,"name":"Fax","type":"phone","uniqueName":"Fax","label":"Business Fax","parentObject":"Contact","pcType":"STRING","precision":40,"scale":0,"columnIndex":25,"isKey":false,"isWaterMarkKey":false,"isExternalId":false,"isSfIdLookup":false,"isNullable":true,"isUnique":false,"isCreateable":true,"isUpdateable":true,"isFilterable":true,"isCalculated":false,"showLabel":true,"naturalOrder":25,"linkedFields":[],"relatedInfos":[],"references":[]}},{"@type":"fieldMap","id":"10428045","targetField":{"@type":"field","id":36988645,"name":"MobilePhone","type":"phone","uniqueName":"MobilePhone","label":"Mobile Phone","parentObject":"Contact","pcType":"STRING","precision":40,"scale":0,"columnIndex":26,"isKey":false,"isWaterMarkKey":false,"isExternalId":false,"isSfIdLookup":false,"isNullable":true,"isUnique":false,"isCreateable":true,"isUpdateable":true,"isFilterable":true,"isCalculated":false,"showLabel":true,"naturalOrder":26,"linkedFields":[],"relatedInfos":[],"references":[]}},{"@type":"fieldMap","id":"10428049","targetField":{"@type":"field","id":36988649,"name":"HomePhone","type":"phone","uniqueName":"HomePhone","label":"Home Phone","parentObject":"Contact","pcType":"STRING","precision":40,"scale":0,"columnIndex":27,"isKey":false,"isWaterMarkKey":false,"isExternalId":false,"isSfIdLookup":false,"isNullable":true,"isUnique":false,"isCreateable":true,"isUpdateable":true,"isFilterable":true,"isCalculated":false,"showLabel":true,"naturalOrder":27,"linkedFields":[],"relatedInfos":[],"references":[]}},{"@type":"fieldMap","id":"10428053","targetField":{"@type":"field","id":36988653,"name":"OtherPhone","type":"phone","uniqueName":"OtherPhone","label":"Other Phone","parentObject":"Contact","pcType":"STRING","precision":40,"scale":0,"columnIndex":28,"isKey":false,"isWaterMarkKey":false,"isExternalId":false,"isSfIdLookup":false,"isNullable":true,"isUnique":false,"isCreateable":true,"isUpdateable":true,"isFilterable":true,"isCalculated":false,"showLabel":true,"naturalOrder":28,"linkedFields":[],"relatedInfos":[],"references":[]}},{"@type":"fieldMap","id":"10428057","targetField":{"@type":"field","id":36988657,"name":"AssistantPhone","type":"phone","uniqueName":"AssistantPhone","label":"Asst. Phone","parentObject":"Contact","pcType":"STRING","precision":40,"scale":0,"columnIndex":29,"isKey":false,"isWaterMarkKey":false,"isExternalId":false,"isSfIdLookup":false,"isNullable":true,"isUnique":false,"isCreateable":true,"isUpdateable":true,"isFilterable":true,"isCalculated":false,"showLabel":true,"naturalOrder":29,"linkedFields":[],"relatedInfos":[],"references":[]}},{"@type":"fieldMap","id":"10428061","targetField":{"@type":"field","id":36988661,"name":"ReportsToId","type":"reference","uniqueName":"ReportsToId","label":"Reports To ID","parentObject":"Contact","pcType":"STRING","precision":18,"scale":0,"columnIndex":30,"isKey":false,"isWaterMarkKey":false,"isExternalId":false,"isSfIdLookup":false,"isNullable":true,"isUnique":false,"isCreateable":true,"isUpdateable":true,"isFilterable":true,"isCalculated":false,"showLabel":true,"naturalOrder":30,"linkedFields":[],"relatedInfos":[{"@type":"fieldRelatedInfo","id":522841,"referenceObject":"Contact","relationshipName":"ReportsTo","referenceField":{"@type":"field","id":-1,"precision":0,"scale":0,"columnIndex":-1,"isKey":false,"isWaterMarkKey":false,"isExternalId":false,"isSfIdLookup":false,"isNullable":true,"isUnique":false,"isCreateable":false,"isUpdateable":true,"isFilterable":true,"isCalculated":false,"showLabel":true,"naturalOrder":0,"linkedFields":[],"relatedInfos":[],"references":[]}}],"references":[]}},{"@type":"fieldMap","id":"10428065","targetField":{"@type":"field","id":36988665,"name":"Email","type":"email","uniqueName":"Email","label":"Email","parentObject":"Contact","pcType":"STRING","precision":80,"scale":0,"columnIndex":31,"isKey":false,"isWaterMarkKey":false,"isExternalId":false,"isSfIdLookup":true,"isNullable":true,"isUnique":false,"isCreateable":true,"isUpdateable":true,"isFilterable":true,"isCalculated":false,"showLabel":true,"naturalOrder":31,"linkedFields":["Email"],"relatedInfos":[],"references":[]},"expression":"Email"},{"@type":"fieldMap","id":"10428069","targetField":{"@type":"field","id":36988669,"name":"Title","type":"string","uniqueName":"Title","label":"Title","parentObject":"Contact","pcType":"STRING","precision":128,"scale":0,"columnIndex":32,"isKey":false,"isWaterMarkKey":false,"isExternalId":false,"isSfIdLookup":false,"isNullable":true,"isUnique":false,"isCreateable":true,"isUpdateable":true,"isFilterable":true,"isCalculated":false,"showLabel":true,"naturalOrder":32,"linkedFields":[],"relatedInfos":[],"references":[]}},{"@type":"fieldMap","id":"10428073","targetField":{"@type":"field","id":36988673,"name":"Department","type":"string","uniqueName":"Department","label":"Department","parentObject":"Contact","pcType":"STRING","precision":80,"scale":0,"columnIndex":33,"isKey":false,"isWaterMarkKey":false,"isExternalId":false,"isSfIdLookup":false,"isNullable":true,"isUnique":false,"isCreateable":true,"isUpdateable":true,"isFilterable":true,"isCalculated":false,"showLabel":true,"naturalOrder":33,"linkedFields":["Department"],"relatedInfos":[],"references":[]},"expression":"Department"},{"@type":"fieldMap","id":"10428077","targetField":{"@type":"field","id":36988677,"name":"AssistantName","type":"string","uniqueName":"AssistantName","label":"Assistant's Name","parentObject":"Contact","pcType":"STRING","precision":40,"scale":0,"columnIndex":34,"isKey":false,"isWaterMarkKey":false,"isExternalId":false,"isSfIdLookup":false,"isNullable":true,"isUnique":false,"isCreateable":true,"isUpdateable":true,"isFilterable":true,"isCalculated":false,"showLabel":true,"naturalOrder":34,"linkedFields":[],"relatedInfos":[],"references":[]}},{"@type":"fieldMap","id":"10428081","targetField":{"@type":"field","id":36988681,"name":"LeadSource","type":"picklist","uniqueName":"LeadSource","label":"Lead Source","parentObject":"Contact","pcType":"STRING","precision":255,"scale":0,"columnIndex":35,"isKey":false,"isWaterMarkKey":false,"isExternalId":false,"isSfIdLookup":false,"isNullable":true,"isUnique":false,"isCreateable":true,"isUpdateable":true,"isFilterable":true,"isCalculated":false,"showLabel":true,"naturalOrder":35,"linkedFields":[],"relatedInfos":[],"references":[]}},{"@type":"fieldMap","id":"10428085","targetField":{"@type":"field","id":36988685,"name":"Birthdate","type":"date","uniqueName":"Birthdate","label":"Birthdate","parentObject":"Contact","pcType":"DATE","precision":10,"scale":0,"columnIndex":36,"isKey":false,"isWaterMarkKey":false,"isExternalId":false,"isSfIdLookup":false,"isNullable":true,"isUnique":false,"isCreateable":true,"isUpdateable":true,"isFilterable":true,"isCalculated":false,"showLabel":true,"naturalOrder":36,"linkedFields":[],"relatedInfos":[],"references":[]}},{"@type":"fieldMap","id":"10428089","targetField":{"@type":"field","id":36988689,"name":"Description","type":"textarea","uniqueName":"Description","label":"Contact Description","parentObject":"Contact","pcType":"STRING","precision":32000,"scale":0,"columnIndex":37,"isKey":false,"isWaterMarkKey":false,"isExternalId":false,"isSfIdLookup":false,"isNullable":true,"isUnique":false,"isCreateable":true,"isUpdateable":true,"isFilterable":false,"isCalculated":false,"showLabel":true,"naturalOrder":37,"linkedFields":[],"relatedInfos":[],"references":[]}},{"@type":"fieldMap","id":"10428093","targetField":{"@type":"field","id":36988693,"name":"OwnerId","type":"reference","uniqueName":"OwnerId","label":"Owner ID","parentObject":"Contact","pcType":"STRING","precision":18,"scale":0,"columnIndex":38,"isKey":false,"isWaterMarkKey":false,"isExternalId":false,"isSfIdLookup":false,"isNullable":false,"isUnique":false,"isCreateable":true,"isUpdateable":true,"isFilterable":true,"isCalculated":false,"showLabel":true,"naturalOrder":38,"linkedFields":[],"relatedInfos":[{"@type":"fieldRelatedInfo","id":522845,"referenceObject":"User","relationshipName":"Owner","referenceField":{"@type":"field","id":-1,"precision":0,"scale":0,"columnIndex":-1,"isKey":false,"isWaterMarkKey":false,"isExternalId":false,"isSfIdLookup":false,"isNullable":true,"isUnique":false,"isCreateable":false,"isUpdateable":true,"isFilterable":true,"isCalculated":false,"showLabel":true,"naturalOrder":0,"linkedFields":[],"relatedInfos":[],"references":[]}}],"references":[]}},{"@type":"fieldMap","id":"10428097","targetField":{"@type":"field","id":36988697,"name":"CreatedDate","type":"datetime","uniqueName":"CreatedDate","label":"Created Date","parentObject":"Contact","pcType":"DATE","precision":24,"scale":0,"columnIndex":39,"isKey":false,"isWaterMarkKey":false,"isExternalId":false,"isSfIdLookup":false,"isNullable":false,"isUnique":false,"isCreateable":false,"isUpdateable":false,"isFilterable":true,"isCalculated":false,"showLabel":true,"naturalOrder":39,"linkedFields":[],"relatedInfos":[],"references":[]}},{"@type":"fieldMap","id":"10428101","targetField":{"@type":"field","id":36988701,"name":"CreatedById","type":"reference","uniqueName":"CreatedById","label":"Created By ID","parentObject":"Contact","pcType":"STRING","precision":18,"scale":0,"columnIndex":40,"isKey":false,"isWaterMarkKey":false,"isExternalId":false,"isSfIdLookup":false,"isNullable":false,"isUnique":false,"isCreateable":false,"isUpdateable":false,"isFilterable":true,"isCalculated":false,"showLabel":true,"naturalOrder":40,"linkedFields":[],"relatedInfos":[{"@type":"fieldRelatedInfo","id":522849,"referenceObject":"User","relationshipName":"CreatedBy","referenceField":{"@type":"field","id":-1,"precision":0,"scale":0,"columnIndex":-1,"isKey":false,"isWaterMarkKey":false,"isExternalId":false,"isSfIdLookup":false,"isNullable":true,"isUnique":false,"isCreateable":false,"isUpdateable":true,"isFilterable":true,"isCalculated":false,"showLabel":true,"naturalOrder":0,"linkedFields":[],"relatedInfos":[],"references":[]}}],"references":[]}},{"@type":"fieldMap","id":"10428105","targetField":{"@type":"field","id":36988705,"name":"LastModifiedDate","type":"datetime","uniqueName":"LastModifiedDate","label":"Last Modified Date","parentObject":"Contact","pcType":"DATE","precision":24,"scale":0,"columnIndex":41,"isKey":false,"isWaterMarkKey":false,"isExternalId":false,"isSfIdLookup":false,"isNullable":false,"isUnique":false,"isCreateable":false,"isUpdateable":false,"isFilterable":true,"isCalculated":false,"showLabel":true,"naturalOrder":41,"linkedFields":[],"relatedInfos":[],"references":[]}},{"@type":"fieldMap","id":"10428109","targetField":{"@type":"field","id":36988709,"name":"LastModifiedById","type":"reference","uniqueName":"LastModifiedById","label":"Last Modified By ID","parentObject":"Contact","pcType":"STRING","precision":18,"scale":0,"columnIndex":42,"isKey":false,"isWaterMarkKey":false,"isExternalId":false,"isSfIdLookup":false,"isNullable":false,"isUnique":false,"isCreateable":false,"isUpdateable":false,"isFilterable":true,"isCalculated":false,"showLabel":true,"naturalOrder":42,"linkedFields":[],"relatedInfos":[{"@type":"fieldRelatedInfo","id":522853,"referenceObject":"User","relationshipName":"LastModifiedBy","referenceField":{"@type":"field","id":-1,"precision":0,"scale":0,"columnIndex":-1,"isKey":false,"isWaterMarkKey":false,"isExternalId":false,"isSfIdLookup":false,"isNullable":true,"isUnique":false,"isCreateable":false,"isUpdateable":true,"isFilterable":true,"isCalculated":false,"showLabel":true,"naturalOrder":0,"linkedFields":[],"relatedInfos":[],"references":[]}}],"references":[]}},{"@type":"fieldMap","id":"10428113","targetField":{"@type":"field","id":36988713,"name":"SystemModstamp","type":"datetime","uniqueName":"SystemModstamp","label":"System Modstamp","parentObject":"Contact","pcType":"DATE","precision":24,"scale":0,"columnIndex":43,"isKey":false,"isWaterMarkKey":false,"isExternalId":false,"isSfIdLookup":false,"isNullable":false,"isUnique":false,"isCreateable":false,"isUpdateable":false,"isFilterable":true,"isCalculated":false,"showLabel":true,"naturalOrder":43,"linkedFields":[],"relatedInfos":[],"references":[]}},{"@type":"fieldMap","id":"10428117","targetField":{"@type":"field","id":36988717,"name":"LastActivityDate","type":"date","uniqueName":"LastActivityDate","label":"Last Activity","parentObject":"Contact","pcType":"DATE","precision":10,"scale":0,"columnIndex":44,"isKey":false,"isWaterMarkKey":false,"isExternalId":false,"isSfIdLookup":false,"isNullable":true,"isUnique":false,"isCreateable":false,"isUpdateable":false,"isFilterable":true,"isCalculated":false,"showLabel":true,"naturalOrder":44,"linkedFields":[],"relatedInfos":[],"references":[]}},{"@type":"fieldMap","id":"10428121","targetField":{"@type":"field","id":36988721,"name":"LastCURequestDate","type":"datetime","uniqueName":"LastCURequestDate","label":"Last Stay-in-Touch Request Date","parentObject":"Contact","pcType":"DATE","precision":24,"scale":0,"columnIndex":45,"isKey":false,"isWaterMarkKey":false,"isExternalId":false,"isSfIdLookup":false,"isNullable":true,"isUnique":false,"isCreateable":false,"isUpdateable":false,"isFilterable":true,"isCalculated":false,"showLabel":true,"naturalOrder":45,"linkedFields":[],"relatedInfos":[],"references":[]}},{"@type":"fieldMap","id":"10428125","targetField":{"@type":"field","id":36988725,"name":"LastCUUpdateDate","type":"datetime","uniqueName":"LastCUUpdateDate","label":"Last Stay-in-Touch Save Date","parentObject":"Contact","pcType":"DATE","precision":24,"scale":0,"columnIndex":46,"isKey":false,"isWaterMarkKey":false,"isExternalId":false,"isSfIdLookup":false,"isNullable":true,"isUnique":false,"isCreateable":false,"isUpdateable":false,"isFilterable":true,"isCalculated":false,"showLabel":true,"naturalOrder":46,"linkedFields":[],"relatedInfos":[],"references":[]}},{"@type":"fieldMap","id":"10428129","targetField":{"@type":"field","id":36988729,"name":"LastViewedDate","type":"datetime","uniqueName":"LastViewedDate","label":"Last Viewed Date","parentObject":"Contact","pcType":"DATE","precision":24,"scale":0,"columnIndex":47,"isKey":false,"isWaterMarkKey":false,"isExternalId":false,"isSfIdLookup":false,"isNullable":true,"isUnique":false,"isCreateable":false,"isUpdateable":false,"isFilterable":true,"isCalculated":false,"showLabel":true,"naturalOrder":47,"linkedFields":[],"relatedInfos":[],"references":[]}},{"@type":"fieldMap","id":"10428133","targetField":{"@type":"field","id":36988733,"name":"LastReferencedDate","type":"datetime","uniqueName":"LastReferencedDate","label":"Last Referenced Date","parentObject":"Contact","pcType":"DATE","precision":24,"scale":0,"columnIndex":48,"isKey":false,"isWaterMarkKey":false,"isExternalId":false,"isSfIdLookup":false,"isNullable":true,"isUnique":false,"isCreateable":false,"isUpdateable":false,"isFilterable":true,"isCalculated":false,"showLabel":true,"naturalOrder":48,"linkedFields":[],"relatedInfos":[],"references":[]}},{"@type":"fieldMap","id":"10428137","targetField":{"@type":"field","id":36988737,"name":"EmailBouncedReason","type":"string","uniqueName":"EmailBouncedReason","label":"Email Bounced Reason","parentObject":"Contact","pcType":"STRING","precision":255,"scale":0,"columnIndex":49,"isKey":false,"isWaterMarkKey":false,"isExternalId":false,"isSfIdLookup":false,"isNullable":true,"isUnique":false,"isCreateable":true,"isUpdateable":true,"isFilterable":true,"isCalculated":false,"showLabel":true,"naturalOrder":49,"linkedFields":[],"relatedInfos":[],"references":[]}},{"@type":"fieldMap","id":"10428141","targetField":{"@type":"field","id":36988741,"name":"EmailBouncedDate","type":"datetime","uniqueName":"EmailBouncedDate","label":"Email Bounced Date","parentObject":"Contact","pcType":"DATE","precision":24,"scale":0,"columnIndex":50,"isKey":false,"isWaterMarkKey":false,"isExternalId":false,"isSfIdLookup":false,"isNullable":true,"isUnique":false,"isCreateable":true,"isUpdateable":true,"isFilterable":true,"isCalculated":false,"showLabel":true,"naturalOrder":50,"linkedFields":[],"relatedInfos":[],"references":[]}},{"@type":"fieldMap","id":"10428145","targetField":{"@type":"field","id":36988745,"name":"IsEmailBounced","type":"boolean","uniqueName":"IsEmailBounced","label":"Is Email Bounced","parentObject":"Contact","pcType":"INT","precision":10,"scale":0,"columnIndex":51,"isKey":false,"isWaterMarkKey":false,"isExternalId":false,"isSfIdLookup":false,"isNullable":false,"isUnique":false,"isCreateable":false,"isUpdateable":false,"isFilterable":true,"isCalculated":false,"showLabel":true,"naturalOrder":51,"linkedFields":[],"relatedInfos":[],"references":[]}},{"@type":"fieldMap","id":"10428149","targetField":{"@type":"field","id":36988749,"name":"PhotoUrl","type":"url","uniqueName":"PhotoUrl","label":"Photo URL","parentObject":"Contact","pcType":"STRING","precision":255,"scale":0,"columnIndex":52,"isKey":false,"isWaterMarkKey":false,"isExternalId":false,"isSfIdLookup":false,"isNullable":true,"isUnique":false,"isCreateable":false,"isUpdateable":false,"isFilterable":true,"isCalculated":false,"showLabel":true,"naturalOrder":52,"linkedFields":[],"relatedInfos":[],"references":[]}},{"@type":"fieldMap","id":"10428153","targetField":{"@type":"field","id":36988753,"name":"Jigsaw","type":"string","uniqueName":"Jigsaw","label":"Data.com Key","parentObject":"Contact","pcType":"STRING","precision":20,"scale":0,"columnIndex":53,"isKey":false,"isWaterMarkKey":false,"isExternalId":false,"isSfIdLookup":false,"isNullable":true,"isUnique":false,"isCreateable":true,"isUpdateable":true,"isFilterable":true,"isCalculated":false,"showLabel":true,"naturalOrder":53,"linkedFields":[],"relatedInfos":[],"references":[]}},{"@type":"fieldMap","id":"10428157","targetField":{"@type":"field","id":36988757,"name":"JigsawContactId","type":"string","uniqueName":"JigsawContactId","label":"Jigsaw Contact ID","parentObject":"Contact","pcType":"STRING","precision":20,"scale":0,"columnIndex":54,"isKey":false,"isWaterMarkKey":false,"isExternalId":false,"isSfIdLookup":false,"isNullable":true,"isUnique":false,"isCreateable":false,"isUpdateable":false,"isFilterable":true,"isCalculated":false,"showLabel":true,"naturalOrder":54,"linkedFields":[],"relatedInfos":[],"references":[]}},{"@type":"fieldMap","id":"10428161","targetField":{"@type":"field","id":36988761,"name":"CleanStatus","type":"picklist","uniqueName":"CleanStatus","label":"Clean Status","parentObject":"Contact","pcType":"STRING","precision":40,"scale":0,"columnIndex":55,"isKey":false,"isWaterMarkKey":false,"isExternalId":false,"isSfIdLookup":false,"isNullable":true,"isUnique":false,"isCreateable":true,"isUpdateable":true,"isFilterable":true,"isCalculated":false,"showLabel":true,"naturalOrder":55,"linkedFields":[],"relatedInfos":[],"references":[]}},{"@type":"fieldMap","id":"10428165","targetField":{"@type":"field","id":36988765,"name":"IndividualId","type":"reference","uniqueName":"IndividualId","label":"Individual ID","parentObject":"Contact","pcType":"STRING","precision":18,"scale":0,"columnIndex":56,"isKey":false,"isWaterMarkKey":false,"isExternalId":false,"isSfIdLookup":false,"isNullable":true,"isUnique":false,"isCreateable":true,"isUpdateable":true,"isFilterable":true,"isCalculated":false,"showLabel":true,"naturalOrder":56,"linkedFields":[],"relatedInfos":[{"@type":"fieldRelatedInfo","id":522857,"referenceObject":"Individual","relationshipName":"Individual","referenceField":{"@type":"field","id":-1,"precision":0,"scale":0,"columnIndex":-1,"isKey":false,"isWaterMarkKey":false,"isExternalId":false,"isSfIdLookup":false,"isNullable":true,"isUnique":false,"isCreateable":false,"isUpdateable":true,"isFilterable":true,"isCalculated":false,"showLabel":true,"naturalOrder":0,"linkedFields":[],"relatedInfos":[],"references":[]}}],"references":[]}},{"@type":"fieldMap","id":"10428169","targetField":{"@type":"field","id":36988769,"name":"Level__c","type":"picklist","uniqueName":"Level__c","label":"Level","parentObject":"Contact","pcType":"STRING","precision":255,"scale":0,"columnIndex":57,"isKey":false,"isWaterMarkKey":false,"isExternalId":false,"isSfIdLookup":false,"isNullable":true,"isUnique":false,"isCreateable":true,"isUpdateable":true,"isFilterable":true,"isCalculated":false,"showLabel":true,"naturalOrder":57,"linkedFields":[],"relatedInfos":[],"references":[]}},{"@type":"fieldMap","id":"10428173","targetField":{"@type":"field","id":36988773,"name":"Languages__c","type":"string","uniqueName":"Languages__c","label":"Languages","parentObject":"Contact","pcType":"STRING","precision":100,"scale":0,"columnIndex":58,"isKey":false,"isWaterMarkKey":false,"isExternalId":false,"isSfIdLookup":false,"isNullable":true,"isUnique":false,"isCreateable":true,"isUpdateable":true,"isFilterable":true,"isCalculated":false,"showLabel":true,"naturalOrder":58,"linkedFields":[],"relatedInfos":[],"references":[]}}],"sourceFields":[{"@type":"field","id":36988777,"name":"Emp_ID","type":"nstring","uniqueName":"Emp_ID","label":"Emp_ID","parentObject":"Employee.csv","pcType":"UNISTRING","precision":18,"scale":0,"columnIndex":0,"isKey":false,"isWaterMarkKey":false,"isExternalId":false,"isSfIdLookup":false,"isNullable":true,"isUnique":false,"isCreateable":false,"isUpdateable":true,"isFilterable":true,"isCalculated":false,"showLabel":false,"naturalOrder":0,"linkedFields":["Id"],"relatedInfos":[],"references":[]},{"@type":"field","id":36988781,"name":"Full_Name","type":"nstring","uniqueName":"Full_Name","label":"Full Name","parentObject":"Employee.csv","pcType":"UNISTRING","precision":255,"scale":0,"columnIndex":1,"isKey":false,"isWaterMarkKey":false,"isExternalId":false,"isSfIdLookup":false,"isNullable":true,"isUnique":false,"isCreateable":false,"isUpdateable":true,"isFilterable":true,"isCalculated":false,"showLabel":false,"naturalOrder":0,"linkedFields":["FirstName","LastName"],"relatedInfos":[],"references":[]},{"@type":"field","id":36988785,"name":"Email","type":"nstring","uniqueName":"Email","label":"Email","parentObject":"Employee.csv","pcType":"UNISTRING","precision":80,"scale":0,"columnIndex":2,"isKey":false,"isWaterMarkKey":false,"isExternalId":false,"isSfIdLookup":false,"isNullable":true,"isUnique":false,"isCreateable":false,"isUpdateable":true,"isFilterable":true,"isCalculated":false,"showLabel":false,"naturalOrder":0,"linkedFields":["Email"],"relatedInfos":[],"references":[]},{"@type":"field","id":36988789,"name":"Outlet_Name","type":"nstring","uniqueName":"Outlet_Name","label":"Outlet_Name","parentObject":"Employee.csv","pcType":"UNISTRING","precision":255,"scale":0,"columnIndex":3,"isKey":false,"isWaterMarkKey":false,"isExternalId":false,"isSfIdLookup":false,"isNullable":true,"isUnique":false,"isCreateable":false,"isUpdateable":true,"isFilterable":true,"isCalculated":false,"showLabel":false,"naturalOrder":0,"linkedFields":["AccountId"],"relatedInfos":[],"references":[]},{"@type":"field","id":36988793,"name":"Department","type":"nstring","uniqueName":"Department","label":"Department","parentObject":"Employee.csv","pcType":"UNISTRING","precision":80,"scale":0,"columnIndex":4,"isKey":false,"isWaterMarkKey":false,"isExternalId":false,"isSfIdLookup":false,"isNullable":true,"isUnique":false,"isCreateable":false,"isUpdateable":true,"isFilterable":true,"isCalculated":false,"showLabel":false,"naturalOrder":0,"linkedFields":["Department"],"relatedInfos":[],"references":[]},{"@type":"field","id":36988797,"name":"Phone","type":"nstring","uniqueName":"Phone","label":"Phone","parentObject":"Employee.csv","pcType":"UNISTRING","precision":40,"scale":0,"columnIndex":5,"isKey":false,"isWaterMarkKey":false,"isExternalId":false,"isSfIdLookup":false,"isNullable":true,"isUnique":false,"isCreateable":false,"isUpdateable":true,"isFilterable":true,"isCalculated":false,"showLabel":false,"naturalOrder":0,"linkedFields":["Phone"],"relatedInfos":[],"references":[]}],"sortFields":[],"groupFields":[]}]