[{"@type":"mtTask","id":"@1","name":"MappingTask 6.2","description":"","runtimeEnvironmentId":"@4hY3QS1cfWVhGmr3Hs844f","maxLogs":10,"verbose":false,"lastRunTime":1665748682000,"mappingId":"@8bAsLZURSnSiPqHyHyHwqt","shortDescription":"","sessionPropertiesList":[{"name":"Allow Temporary Sequence for Pushdown","value":"NO","recommended":false},{"name":"Allow Temporary View for Pushdown","value":"NO","recommended":false},{"name":"Pushdown Optimization","value":"None","recommended":false},{"name":"Pushdown Optimization Context","value":"None","recommended":false},{"name":"Run Only In Pushdown Mode","value":"NO","recommended":false}],"enableCrossSchemaPushdown":true,"enableParallelRun":false,"autoTunedApplied":false,"autoTunedAppliedType":"NONE","parameterFileName":"userparameters.txt","parameterFileDir":"C:\\Program Files\\Informatica Cloud Secure Agent\\File","paramFileType":"PARAM_FILE_LOCAL","schemaMode":"async","parameterFileEncoding":"UTF-8","serverlessProperties":{},"taskProperties":[{"@type":"taskProperty","name":"parameterFileDir","currentValue":"C:\\Program Files\\Informatica Cloud Secure Agent\\File","type":"STRING","label":"label.parameterFileDir","required":false},{"@type":"taskProperty","name":"parameterFileName","currentValue":"userparameters.txt","type":"STRING","label":"label.parameterFileName","required":false}],"parameters":[{"@type":"mtTaskParameter","id":100219057,"name":"$SO_Salesforce$","type":"EXTENDED_SOURCE","label":"Salesforce (P_SalesforceConnection)","description":"","uiProperties":{"connectionParameterized":"true","logcnx":"P_SalesforceConnection","isMsrcFilterParameterized":"false","isMsrcSortParameterized":"false","objlabel":"Salesforce","objectParameterized":"true","objDesc":"","originalPath":"SO_Salesforce"},"sourceConnectionId":"@1VIOPuDCCfHgcuguwxJwsY","newFlatFile":false,"newObject":false,"showBusinessNames":true,"naturalOrder":true,"truncateTarget":false,"bulkApiDBTarget":false,"customFuncCfg":{"@type":"customFuncConfig","id":-1,"connections":[],"inputMap":[],"outputFields":[]},"targetRefsV2":{},"targetUpdateColumns":[],"extendedObject":{"@type":"extendedObject","object":{"@type":"mObject","name":"Opportunity","label":"Opportunity","metadataUpdated":false,"relations":[],"children":[]},"objects":[{"@type":"mObject","name":"Opportunity","label":"Opportunity","metadataUpdated":false,"relations":[],"children":[]}],"filters":[],"sortFields":[]},"runtimeAttrs":{},"isRESTModernSource":true,"isFileList":false,"handleSpecialChars":false,"frsAsset":false,"dynamicFileName":false,"excludeDynamicFileNameField":false,"currentlyProcessedFileName":false,"retainFieldMetadata":false,"useExactSrcNames":false,"tgtObjectAttributes":{},"runtimeParameterData":{"@type":"mtTaskRuntimeParameterData","isConnectionRuntimeParameter":false,"isObjectRuntimeParameter":false,"connectionParameterName":"P_SalesforceConnection","objectParameterName":"P_SalesforceObject"},"overriddenFields":[]},{"@type":"mtTaskParameter","id":100219061,"name":"$TG_HighProbOppty$","type":"TARGET","label":"LocalCSVFile (P_LocalCSVConnection)","description":"","uiProperties":{"connectionParameterized":"true","logcnx":"P_LocalCSVConnection","objlabel":"HighProbabilityOpportunities","objectParameterized":"true","objDesc":"","defaultTargetUpdateColumns":"","supportApplyDDLChanges":"true","originalPath":"TG_HighProbOppty"},"targetConnectionId":"@0h0mTgt8wDPhSIi6VqFU20","targetObject":"Target_High.csv","targetObjectLabel":"Target_High.csv","newFlatFile":false,"newObject":true,"showBusinessNames":true,"naturalOrder":true,"newObjectName":"Target_High.csv","truncateTarget":false,"bulkApiDBTarget":false,"operationType":"Insert","customFuncCfg":{"@type":"customFuncConfig","id":-1,"connections":[],"inputMap":[],"outputFields":[]},"targetRefsV2":{},"targetUpdateColumns":[],"extendedObject":{"@type":"extendedObject","filters":[],"sortFields":[]},"runtimeAttrs":{},"isRESTModernSource":true,"isFileList":false,"handleSpecialChars":false,"frsAsset":false,"dynamicFileName":false,"excludeDynamicFileNameField":false,"currentlyProcessedFileName":false,"retainFieldMetadata":false,"objectName":"Target_High.csv","objectLabel":"Target_High.csv","useExactSrcNames":false,"tgtObjectAttributes":{},"targetSchemaMode":"DONT_APPLY_CHANGES","runtimeParameterData":{"@type":"mtTaskRuntimeParameterData","isConnectionRuntimeParameter":false,"isObjectRuntimeParameter":false,"connectionParameterName":"P_LocalCSVConnection","objectParameterName":"P_HighProb"},"overriddenFields":[]},{"@type":"mtTaskParameter","id":100219065,"name":"$TG_LowProbOpptys$","type":"TARGET","label":"LocalCSVFile (P_LocalCSVConnection)","description":"","uiProperties":{"connectionParameterized":"true","logcnx":"P_LocalCSVConnection","objlabel":"LowProbabilityOpportunities","objectParameterized":"true","objDesc":"","defaultTargetUpdateColumns":"","supportApplyDDLChanges":"true","originalPath":"TG_LowProbOpptys"},"targetConnectionId":"@0h0mTgt8wDPhSIi6VqFU20","targetObject":"Target_Low.csv","targetObjectLabel":"Target_Low.csv","newFlatFile":false,"newObject":true,"showBusinessNames":true,"naturalOrder":true,"newObjectName":"Target_Low.csv","truncateTarget":false,"bulkApiDBTarget":false,"operationType":"Insert","customFuncCfg":{"@type":"customFuncConfig","id":-1,"connections":[],"inputMap":[],"outputFields":[]},"targetRefsV2":{},"targetUpdateColumns":[],"extendedObject":{"@type":"extendedObject","filters":[],"sortFields":[]},"runtimeAttrs":{},"isRESTModernSource":true,"isFileList":false,"handleSpecialChars":false,"frsAsset":false,"dynamicFileName":false,"excludeDynamicFileNameField":false,"currentlyProcessedFileName":false,"retainFieldMetadata":false,"objectName":"Target_Low.csv","objectLabel":"Target_Low.csv","useExactSrcNames":false,"tgtObjectAttributes":{},"targetSchemaMode":"DONT_APPLY_CHANGES","runtimeParameterData":{"@type":"mtTaskRuntimeParameterData","isConnectionRuntimeParameter":false,"isObjectRuntimeParameter":false,"connectionParameterName":"P_LocalCSVConnection","objectParameterName":"P_LowProb"},"overriddenFields":[]},{"@type":"mtTaskParameter","id":100219069,"name":"$P_FirstFilterCondition$","type":"STRING","text":"Amount >= to_decimal($$Filter_High)","label":"Target 1 Filter Condition (P_FirstFilterCondition)","description":"","uiProperties":{"paramtype":"Condition","originalPath":"FIL_RouteHighProbOpptys"},"newFlatFile":false,"newObject":false,"showBusinessNames":true,"naturalOrder":true,"truncateTarget":false,"bulkApiDBTarget":false,"customFuncCfg":{"@type":"customFuncConfig","id":-1,"connections":[],"inputMap":[],"outputFields":[]},"targetRefsV2":{},"targetUpdateColumns":[],"runtimeAttrs":{},"isRESTModernSource":true,"isFileList":false,"handleSpecialChars":false,"frsAsset":false,"dynamicFileName":false,"excludeDynamicFileNameField":false,"currentlyProcessedFileName":false,"retainFieldMetadata":false,"useExactSrcNames":false,"tgtObjectAttributes":{},"runtimeParameterData":{"@type":"mtTaskRuntimeParameterData","isConnectionRuntimeParameter":false,"isObjectRuntimeParameter":false},"overriddenFields":[]},{"@type":"mtTaskParameter","id":100219073,"name":"$P_SecondFilterCondition$","type":"STRING","text":"Amount < to_decimal($$Filter_Low)","label":"Target 2 Filter Condition (P_SecondFilterCondition)","description":"","uiProperties":{"paramtype":"Condition","originalPath":"FIL_RouteLowProbOpptys"},"newFlatFile":false,"newObject":false,"showBusinessNames":true,"naturalOrder":true,"truncateTarget":false,"bulkApiDBTarget":false,"customFuncCfg":{"@type":"customFuncConfig","id":-1,"connections":[],"inputMap":[],"outputFields":[]},"targetRefsV2":{},"targetUpdateColumns":[],"runtimeAttrs":{},"isRESTModernSource":true,"isFileList":false,"handleSpecialChars":false,"frsAsset":false,"dynamicFileName":false,"excludeDynamicFileNameField":false,"currentlyProcessedFileName":false,"retainFieldMetadata":false,"useExactSrcNames":false,"tgtObjectAttributes":{},"runtimeParameterData":{"@type":"mtTaskRuntimeParameterData","isConnectionRuntimeParameter":false,"isObjectRuntimeParameter":false},"overriddenFields":[]}],"sequences":[],"inOutParameters":[],"connRuntimeAttrs":[]}]