[{"@type":"mappingTemplate","id":"@1","name":"Mapping 5.4","description":"","bundleVersion":"0","templateId":"@3","deployTime":1665728097000,"hasParameters":false,"valid":true,"fixedConnection":true,"hasParametersDeployed":false,"fixedConnectionDeployed":true,"tasks":0,"mappingPreviewFileRecordId":"@2","documentType":"MAPPING","references":[{"@type":"reference","refObjectId":"@0h0mTgt8wDPhSIi6VqFU20","refType":"connection"},{"@type":"reference","refObjectId":"@1VIOPuDCCfHgcuguwxJwsY","refType":"connection"},{"@type":"reference","refObjectId":"@3aXteLZbUNclCLsA9Ic7kU","refType":"mappletTemplate"}]}]