[{"@type":"mappingTemplate","id":"@1","name":"Mapping13.2","description":"","bundleVersion":"0","templateId":"@3","deployTime":1665902803000,"hasParameters":false,"valid":true,"fixedConnection":true,"hasParametersDeployed":false,"fixedConnectionDeployed":true,"tasks":0,"mappingPreviewFileRecordId":"@2","documentType":"MAPPING","references":[{"@type":"reference","refObjectId":"@e5bie2mqboIb0IBsAe3vmx","refType":"structureDefinition"},{"@type":"reference","refObjectId":"@0h0mTgt8wDPhSIi6VqFU20","refType":"connection"}]}]