[{"@type":"mappingTemplate","id":"@1","name":"Mapping5.1","description":"","bundleVersion":"0","templateId":"@3","deployTime":1665670670000,"hasParameters":false,"valid":true,"fixedConnection":true,"hasParametersDeployed":false,"fixedConnectionDeployed":true,"tasks":0,"mappingPreviewFileRecordId":"@2","documentType":"MAPPING","references":[{"@type":"reference","refObjectId":"@0h0mTgt8wDPhSIi6VqFU20","refType":"connection"},{"@type":"reference","refObjectId":"@kFpIsbZgHiXd5u8ZzmFgAk","refType":"connection"}]}]