[{"@type":"mappingTemplate","id":"@1","name":"Mapping12.2","description":"","bundleVersion":"0","templateId":"@3","deployTime":1665861910000,"hasParameters":false,"valid":true,"fixedConnection":true,"hasParametersDeployed":false,"fixedConnectionDeployed":true,"tasks":0,"mappingPreviewFileRecordId":"@2","documentType":"MAPPING","references":[{"@type":"reference","refObjectId":"@6WYxvHPMGEllDQEnYLvhK9","refType":"businessService"},{"@type":"reference","refObjectId":"@6WYxvHPMGEllDQEnYLvhK9@NumberToDollars","refType":"businessOperation"},{"@type":"reference","refObjectId":"@0h0mTgt8wDPhSIi6VqFU20","refType":"connection"}]}]